contratto,diam,dens
1,"(6, 0)",9.284590863505193e-05
2,"(14, 0)",0.00015536079239974755
3,"(16, 0)",9.607925081789994e-05
4,"(6, 0)",0.0012504772371408743
5,"(20, 0)",0.0001370771703139067
6,"(18, 0)",0.00010624694759655276
7,"(14, 0)",0.00014321386944886964
8,"(7, 0)",0.00020235417650492853
9,"(12, 0)",0.00016220411197930405
10,"(9, 0)",0.00015613609131117314
