contratto,diam,dens
1,11->11,4.642295431752597e-05
2,14529->14529,7.768039619987377e-05
3,25850->25850,4.803962540894997e-05
4,39243->39243,0.0006252386185704371
5,40367->40367,6.853858515695336e-05
6,51720->51720,5.312347379827638e-05
7,64236->64236,7.160693472443482e-05
8,74446->74446,0.00010117708825246427
9,83761->83761,8.110205598965203e-05
10,94477->94477,7.806804565558657e-05
